Measure,M_A,SD_A,M_B,SD_B,M_C,SD_C
AI Follow Rate,0.655,0.146,0.591,0.157,0.502,0.181
Calibration Score,0.046,0.222,0.02,0.195,0.0,0.23
AI Errors Caught,1.05,0.76,1.354,0.857,1.748,0.823
Trust in Automation,4.633,0.698,4.29,0.661,3.912,0.681
Perceived Fairness,4.113,0.914,4.564,0.919,5.33,0.818
Appeal Intent,2.502,0.991,3.054,0.98,3.786,0.994
Re-trust Intent,3.279,0.918,3.462,0.985,3.078,0.918
Mental Model Estimate,79.99,16.539,81.888,15.099,81.854,15.53
Response Time (ms),14699.891,1559.722,16156.951,1670.889,19357.811,1659.317
